{"cameraMode":{"drawMode":0,"name":"Shaded","section":"Shading Mode"},"sceneLighting":false,"audioPlay":false,"sceneViewState":{"m_AlwaysRefresh":false,"showFog":true,"showSkybox":false,"showFlares":true,"showImageEffects":true,"showParticleSystems":true,"showVisualEffectGraphs":true,"m_FxEnabled":true},"in2DMode":false,"pivot":{"x":-0.7850243449211121,"y":1.231276273727417,"z":1.017943263053894},"rotation":{"x":0.06144777685403824,"y":-0.02095891535282135,"z":0.001290667336434126,"w":0.9978899359703064},"size":1.6716532707214356,"orthographic":false}