{"cameraMode":{"drawMode":0,"name":"Shaded","section":"Shading Mode"},"sceneLighting":false,"audioPlay":false,"sceneViewState":{"m_AlwaysRefresh":false,"showFog":true,"showSkybox":false,"showFlares":true,"showImageEffects":true,"showParticleSystems":true,"showVisualEffectGraphs":true,"m_FxEnabled":true},"in2DMode":false,"pivot":{"x":-0.5255833864212036,"y":1.4168531894683838,"z":-0.41601938009262087},"rotation":{"x":0.2347610890865326,"y":0.01458011195063591,"z":-0.0035216736141592266,"w":0.9719372987747192},"size":0.3811308741569519,"orthographic":false}