{"cameraMode":{"drawMode":0,"name":"Shaded","section":"Shading Mode"},"sceneLighting":false,"audioPlay":false,"sceneViewState":{"m_AlwaysRefresh":false,"showFog":true,"showSkybox":false,"showFlares":true,"showImageEffects":true,"showParticleSystems":true,"showVisualEffectGraphs":true,"m_FxEnabled":true},"in2DMode":false,"pivot":{"x":-0.466047078371048,"y":1.1795375347137452,"z":0.014571189880371094},"rotation":{"x":0.21870554983615876,"y":0.010245590470731259,"z":-0.0022964931558817627,"w":0.9757346510887146},"size":1.1172552108764649,"orthographic":false}