{"cameraMode":{"drawMode":0,"name":"Shaded","section":"Shading Mode"},"sceneLighting":false,"audioPlay":false,"sceneViewState":{"m_AlwaysRefresh":false,"showFog":true,"showSkybox":false,"showFlares":true,"showImageEffects":true,"showParticleSystems":true,"showVisualEffectGraphs":true,"m_FxEnabled":true},"in2DMode":false,"pivot":{"x":-0.4402233958244324,"y":0.9444772601127625,"z":0.30760717391967776},"rotation":{"x":0.20403830707073213,"y":-0.013215521350502968,"z":0.0027548589278012516,"w":0.9788715839385986},"size":0.6507533192634583,"orthographic":true}