{"cameraMode":{"drawMode":0,"name":"Shaded","section":"Shading Mode"},"sceneLighting":false,"audioPlay":false,"sceneViewState":{"m_AlwaysRefresh":false,"showFog":true,"showSkybox":false,"showFlares":true,"showImageEffects":true,"showParticleSystems":true,"showVisualEffectGraphs":true,"m_FxEnabled":true},"in2DMode":false,"pivot":{"x":-0.10609860718250275,"y":1.4694006443023682,"z":1.1138429641723633},"rotation":{"x":0.005999663379043341,"y":0.010499545373022557,"z":-0.00006299669621512294,"w":0.9999270439147949},"size":1.6716532707214356,"orthographic":false}